address,x,y,z
0,0.001,1.0,0.0
1,0.12977734,0.97563416,0.0
2,0.64878905,0.2933902,0.0
3,0.27611524,0.8538049,0.0
4,0.37952733,0.6588781,0.0
5,1.0,0.001,0.0
6,0.8965879,0.12282927,0.0
7,0.52391404,0.56141466,0.0
8,0.77366406,0.24465854,0.0
